Unique Process ID,Process ID,Unique Thread ID,Thread ID,Thread Name,Thread Begin Time,Thread End Time,Thread Start Address,Life Time,
0,3580,0,10840,"Unknown",0.00,"242,829.91","15,121,322","242,829.90",
0,3580,1,1628,"Unknown",0.01,"52,368.65","2,005,918,256","52,368.65",
0,3580,2,12048,"Unknown",0.01,"52,368.65","2,005,918,256","52,368.64",
0,3580,3,2828,"Unknown",0.01,"242,700.80","1,939,263,984","242,700.79",
0,3580,4,6680,"Unknown",0.01,"242,700.30","1,939,318,768","242,700.29",
0,3580,5,12300,"Unknown",0.01,"242,700.78","2,005,918,256","242,700.77",
0,3580,6,12464,"Unknown",0.01,"242,700.80","2,005,918,256","242,700.79",
0,3580,7,13396,"Unknown",0.01,"242,700.76","1,983,555,088","242,700.75",
0,3580,8,11412,"Unknown",0.01,"242,700.72","1,939,341,664","242,700.71",
0,3580,9,12104,"Unknown",0.01,"242,700.38","1,901,502,624","242,700.37",
0,3580,10,2860,"Unknown",0.02,"242,700.30","1,687,810,351","242,700.29",
0,3580,11,1172,"Unknown",0.02,"52,368.65","2,005,918,256","52,368.64",
0,3580,12,10196,"Unknown",0.02,"242,700.72","2,005,918,256","242,700.70",
0,3580,13,2112,"Unknown",0.02,"242,700.67","2,005,918,256","242,700.65",
0,3580,14,1896,"Unknown","7,615.14","27,626.38","1,939,318,768","20,011.24",
0,3580,15,11012,"Unknown","32,539.99","52,604.08","1,939,318,768","20,064.10",
0,3580,16,9172,"Unknown","54,921.81","112,370.20","2,005,918,256","57,448.39",
0,3580,17,14220,"Unknown","55,554.87","242,700.64","1,880,363,344","187,145.77",
0,3580,18,11768,"Unknown","56,668.59","70,578.82","1,939,318,768","13,910.23",
0,3580,19,13696,"Unknown","58,551.46","70,541.46","1,971,158,736","11,990.00",
0,3580,20,7456,"Unknown","58,929.51","112,370.10","2,005,918,256","53,440.59",
0,3580,21,11076,"Unknown","58,932.87","112,369.87","2,005,918,256","53,437.00",
0,3580,22,13476,"Unknown","59,475.56","59,518.21","2,001,725,712",42.65,
0,3580,23,1220,"Unknown","59,514.12","94,102.13","2,001,657,440","34,588.01",
0,3580,24,13208,"Unknown","59,542.00","242,700.64","2,005,918,256","183,158.64",
0,3580,25,14252,"Unknown","60,035.25","242,700.61","2,005,918,256","182,665.36",
0,3580,26,7620,"Unknown","60,063.58","242,700.61","2,005,918,256","182,637.03",
0,3580,27,7700,"Unknown","60,065.61","242,700.57","2,005,918,256","182,634.95",
0,3580,28,10812,"Unknown","60,506.49","133,322.06","1,983,555,088","72,815.57",
0,3580,29,13036,"Unknown","60,509.58","242,702.07","1,983,555,088","182,192.49",
0,3580,30,10848,"Unknown","60,731.25","242,700.56","2,005,918,256","181,969.30",
0,3580,31,10572,"Unknown","61,040.13","242,700.55","2,005,918,256","181,660.42",
0,3580,32,172,"Unknown","61,047.83","242,700.51","2,005,918,256","181,652.69",
0,3580,33,2996,"Unknown","61,211.79","242,700.51","2,005,918,256","181,488.72",
0,3580,34,13224,"Unknown","61,499.75","242,700.31","1,573,750,848","181,200.55",
0,3580,35,7628,"Unknown","62,062.39","242,701.43","2,001,725,712","180,639.05",
0,3580,36,7716,"Unknown","71,423.69","75,762.07","1,939,318,768","4,338.39",
0,3580,37,9264,"Unknown","72,511.92","75,727.98","1,971,158,736","3,216.06",
0,3580,38,9924,"Unknown","72,844.28","72,871.64","2,001,725,712",27.37,
0,3580,39,12284,"Unknown","107,045.64","151,691.84","1,939,318,768","44,646.20",
0,3580,40,7396,"Unknown","157,463.48","177,479.57","1,939,318,768","20,016.10",
0,3580,41,9364,"Unknown","158,320.09","162,976.20","1,939,318,768","4,656.11",
0,3580,42,11752,"Unknown","159,526.74","162,938.50","1,971,158,736","3,411.76",
0,3580,43,1544,"Unknown","159,874.03","159,904.31","2,001,725,712",30.28,
0,3580,44,8312,"Unknown","160,474.67","225,825.13","1,983,555,088","65,350.45",
0,3580,45,2032,"Unknown","161,050.29","202,370.86","2,005,918,256","41,320.57",
0,3580,46,1356,"Unknown","161,054.35","202,370.91","2,005,918,256","41,316.56",
0,3580,47,13056,"Unknown","161,054.73","202,370.86","2,005,918,256","41,316.13",
0,3580,48,9796,"Unknown","163,798.07","167,726.24","1,939,318,768","3,928.16",
0,3580,49,7788,"Unknown","164,947.47","167,692.00","1,971,158,736","2,744.52",
0,3580,50,3560,"Unknown","165,306.79","165,331.95","2,001,725,712",25.16,
0,3580,51,4152,"Unknown","183,736.83","203,741.02","1,939,318,768","20,004.19",
0,3580,52,10912,"Unknown","183,737.03","185,239.98","1,939,331,984","1,502.95",
0,3580,53,10888,"Unknown","183,738.17","203,739.28","1,939,318,768","20,001.11",
0,3580,54,6436,"Unknown","183,738.54","203,740.22","1,939,318,768","20,001.69",
0,3580,55,1928,"Unknown","194,339.30","242,700.46","1,939,318,768","48,361.16",
0,3580,56,9156,"Unknown","233,043.93","242,700.44","1,939,318,768","9,656.51",
0,3580,57,10980,"Unknown","233,044.07","234,547.59","1,939,331,984","1,503.52",
0,3580,58,1628,"Unknown","241,123.34","242,700.38","1,939,406,752","1,577.04",
